
[
	
	{
		"pack_id" : "da091bde-5398-47de-aaa2-162048674135",
		"version" : [ 1, 0, 0 ]
	},
	
	{
		"pack_id" : "9f213002-5ca8-4e85-919b-d35524b50dce",
		"version" : [ 1, 0, 0 ]
	},
	
	{
		"pack_id" : "015568a5-a864-4727-826b-9026e534c6bd",
		"version" : [ 1, 0, 0 ]
	},
	
	{
		"pack_id" : "34e24c13-ad86-4a72-aab3-f1c258ec999e",
		"version" : [ 1, 0, 0 ]
	},
	
	{
		"pack_id" : "21c09c74-ecc4-4bed-a25a-a986603afa30",
		"version" : [ 1, 0, 0 ]
	},
	
	{
		"pack_id" : "dc57ee21-28a9-4425-bcec-eb234e35b102",
		"version" : [ 1, 0, 0 ]
	},
	
	{
		"pack_id" : "8c5eb739-4afe-4ad7-8fa9-1d3bbccc299f",
		"version" : [ 1, 0, 0 ]
	},
	
	{
		"pack_id" : "5070eddd-60de-4db1-88ec-e3df30c6b086",
		"version" : [ 1, 0, 0 ]
	},
	
	{
		"pack_id" : "ef035219-3237-4dbd-8301-b21e0395e431",
		"version" : [ 1, 0, 0 ]
	}
]
